docket_page_link,Protestor,Solicitation Number,Agency,File number,Status,Filed Date,Due Date,Case Type,GAO Attorney,crawl_time
https://www.gao.gov/docket/b-420249.1,"NSI-MI Technologies, LLC",80GRC020MSLSTE,Independent Agencies and Govt Corporations : National Aeronautics and Space Administration,B-420249.1,Case Currently Open,"Oct 8, 2021","Jan 18, 2022",Bid Protest,John Sorrenti,2021-10-11 15:32:41
https://www.gao.gov/docket/b-420248.1,"Maxar Space, LLC",HQ085021R0002,Department of the Air Force,B-420248.1,Case Currently Open,"Oct 8, 2021","Jan 18, 2022",Bid Protest,Christina Sklarew,2021-10-11 15:32:42
https://www.gao.gov/docket/b-419394.4,ARDL Inc.,W912P920R0002,Department of the Army : Corps of Engineers,B-419394.4,Case Currently Open,"Oct 8, 2021","Jan 18, 2022",Bid Protest,Edward Goldstein,2021-10-11 15:32:44
https://www.gao.gov/docket/b-420252.1,"DSFederal, Inc.",47QFWA21Q0065,Independent Agencies and Govt Corporations : Federal Acquisition Service,B-420252.1,Case Currently Open,"Oct 8, 2021","Jan 18, 2022",Bid Protest,Katherine I. Riback,2021-10-11 15:32:46
https://www.gao.gov/docket/b-420259.1,"Laredo Technical Services, Inc.",36C25621Q0702,Department of Veterans Affairs,B-420259.1,Case Currently Open,"Oct 8, 2021","Jan 18, 2022",Bid Protest,Christina Sklarew,2021-10-11 15:32:47
https://www.gao.gov/docket/b-420260.1,Vidoori Inc.,1333LB21Q0000001,Department of Commerce : Bureau of the Census,B-420260.1,Case Currently Open,"Oct 8, 2021","Jan 18, 2022",Bid Protest,N/A,2021-10-11 15:32:49
https://www.gao.gov/docket/b-420250.1,Breck Inc.,70RCSA21Q00000083,Department of Homeland Security,B-420250.1,Case Currently Open,"Oct 8, 2021","Jan 18, 2022",Bid Protest,N/A,2021-10-11 15:32:51
https://www.gao.gov/docket/b-420253.1,Battelle Memorial Institute,70T04021Q7672N001,Department of Homeland Security : Transportation Security Administration,B-420253.1,Case Currently Open,"Oct 8, 2021","Jan 18, 2022",Bid Protest,U R. Yoo,2021-10-11 15:32:53
https://www.gao.gov/docket/b-420255.1,"Quest Diagnostics, Inc.",36C24821R0112,Department of Veterans Affairs,B-420255.1,Case Currently Open,"Oct 8, 2021","Jan 18, 2022",Bid Protest,Paul N. Wengert,2021-10-11 15:32:57
https://www.gao.gov/docket/b-420257.1,"KinetX Aerospace, Inc.",FA8823-21-C-0003,Department of the Air Force,B-420257.1,Case Currently Open,"Oct 8, 2021","Jan 18, 2022",Bid Protest,Edward Goldstein,2021-10-11 15:32:58
https://www.gao.gov/docket/b-420258.1,ANA Group,W912DY-21-Q-0144,Department of the Army : Corps of Engineers,B-420258.1,Case Currently Open,"Oct 8, 2021","Jan 18, 2022",Bid Protest,Peter H. Tran,2021-10-11 15:33:00
https://www.gao.gov/docket/b-419846.3,"CBF Partners JV, LLC",50310221R0008,Independent Agencies and Govt Corporations : United States Securities and Exchange Commission,B-419846.3,Case Currently Open,"Oct 8, 2021","Jan 18, 2022",Bid Protest,Raymond Richards,2021-10-11 15:33:01
https://www.gao.gov/docket/b-420251.1,"LS Marine, Inc.",W912ES21B0011,Department of the Army : Corps of Engineers,B-420251.1,Case Currently Open,"Oct 8, 2021","Jan 18, 2022",Bid Protest,Edward Goldstein,2021-10-11 15:33:03
https://www.gao.gov/docket/b-420254.1,Global Solutions Ventures,7200AA21R00059,Independent Agencies and Govt Corporations : United States Agency for International Development,B-420254.1,Case Currently Open,"Oct 8, 2021","Jan 18, 2022",Bid Protest,N/A,2021-10-11 15:33:05
https://www.gao.gov/docket/b-420256.1,"KTS Solutions, Inc.",36C247-21-AP-5619,Department of Veterans Affairs,B-420256.1,Case Currently Open,"Oct 8, 2021","Jan 18, 2022",Bid Protest,Jennifer D. Westfall-McGrail,2021-10-11 15:33:06
https://www.gao.gov/docket/b-420256.2,"Excelsior Ambulance Service, Inc.",36C247-21-AP-5619,Department of Veterans Affairs,B-420256.2,Case Currently Open,"Oct 8, 2021","Jan 18, 2022",Bid Protest,Jennifer D. Westfall-McGrail,2021-10-11 15:33:08
https://www.gao.gov/docket/b-420239.1,Mathematica Inc.,91990021Q0025,Department of Education,B-420239.1,Case Currently Open,"Oct 7, 2021","Jan 18, 2022",Bid Protest,David A. Edelstein,2021-10-11 15:33:09
https://www.gao.gov/docket/b-419968.3,"Ruchman and Associates, Inc.",70US0920Q70090079,Department of Homeland Security : United States Secret Service,B-419968.3,Case Currently Open,"Oct 7, 2021","Jan 18, 2022",Bid Protest: Entitlement,Heather Weiner,2021-10-11 15:33:11
https://www.gao.gov/docket/b-420244.1,"INTEROP-ISHPI JV, LLC",2032H5-21-Q-00059,Department of the Treasury : Internal Revenue Service,B-420244.1,Case Currently Open,"Oct 7, 2021","Jan 18, 2022",Bid Protest,Mary G. Curcio,2021-10-11 15:33:12
https://www.gao.gov/docket/b-420245.1,"HamHed, LLC",36C24722Q0001,Department of Veterans Affairs,B-420245.1,Case Currently Open,"Oct 7, 2021","Jan 18, 2022",Bid Protest,Jennifer D. Westfall-McGrail,2021-10-11 15:33:13
https://www.gao.gov/docket/b-420137.3,"Deloitte Consulting, LLP",HT001521Q0003,Department of Defense : Defense Health Agency,B-420137.3,Case Currently Open,"Oct 7, 2021","Jan 18, 2022",Bid Protest,Charmaine Stevenson,2021-10-11 15:33:18
https://www.gao.gov/docket/b-420246.1,"RiverTech, LLC",15DDHQ21Q00000034,Department of Justice : Drug Enforcement Administration,B-420246.1,Case Currently Open,"Oct 7, 2021","Jan 18, 2022",Bid Protest,Jennifer D. Westfall-McGrail,2021-10-11 15:33:19
https://www.gao.gov/docket/b-420247.1,Marzano Research,91990020R0032,Department of Education,B-420247.1,Case Currently Open,"Oct 7, 2021","Jan 18, 2022",Bid Protest,Peter H. Tran,2021-10-11 15:33:21
https://www.gao.gov/docket/b-420243.1,"Information Assurance Specialists, Inc-dba Sub U Systems",W91RUS21R0122,Department of the Army : U.S. Army Materiel Command,B-420243.1,Case Currently Open,"Oct 7, 2021","Jan 18, 2022",Bid Protest,Peter H. Tran,2021-10-11 15:33:23
https://www.gao.gov/docket/b-420106.2,"ShorePoint, Inc.",910031-21-Q-0008,Department of Education,B-420106.2,Case Currently Open,"Oct 7, 2021","Jan 18, 2022",Bid Protest,Christopher An,2021-10-11 15:33:25
https://www.gao.gov/docket/b-420241.1,"Government and Military Certification Systems, Inc.",70RSAT21Q00000071,Department of Homeland Security,B-420241.1,Case Currently Open,"Oct 7, 2021","Jan 18, 2022",Bid Protest,Christine Milne,2021-10-11 15:33:27
https://www.gao.gov/docket/b-420242.1,"Chevo Consulting, LLC",1605TA-21-Q-00027,Department of Labor,B-420242.1,Case Currently Open,"Oct 7, 2021","Jan 18, 2022",Bid Protest,Kasia Dourney,2021-10-11 15:33:29
https://www.gao.gov/docket/b-420240.1,"Elevated Technologies,Inc.",36C25621Q1431,Department of Veterans Affairs,B-420240.1,Case Currently Open,"Oct 7, 2021","Jan 18, 2022",Bid Protest,Christina Sklarew,2021-10-11 15:33:30
https://www.gao.gov/docket/b-419617.3,Serco Inc.,N0016419R3504,Department of the Navy : Naval Sea Systems Command,B-419617.3,Case Currently Open,"Oct 7, 2021","Jan 18, 2022",Bid Protest,Glenn G. Wolcott,2021-10-11 15:33:32
https://www.gao.gov/docket/b-420232.1,"Integrated Finance & Accounting Solutions, LLC",832117765,Department of Defense : Defense Information Systems Agency,B-420232.1,Case Currently Open,"Oct 6, 2021","Jan 14, 2022",Bid Protest,Young H. Cho,2021-10-11 15:33:34
https://www.gao.gov/docket/b-419833.3,"Coast to Coast Computer Products, Inc.",FA8055-21-R-0001,Department of the Air Force,B-419833.3,Case Currently Open,"Oct 6, 2021","Jan 14, 2022",Bid Protest: Reconsideration,Christopher An,2021-10-11 15:33:35
https://www.gao.gov/docket/b-420234.1,"9th Degree, LLC",W911SF-21-C-0017,Department of the Army,B-420234.1,Case Currently Open,"Oct 6, 2021","Jan 14, 2022",Bid Protest,Charmaine Stevenson,2021-10-11 15:33:37
https://www.gao.gov/docket/b-420236.1,"Terra Sonic International, LLC",140R4021Q0046,Department of the Interior : Bureau of Reclamation,B-420236.1,Case Currently Open,"Oct 6, 2021","Jan 14, 2022",Bid Protest,Evan D. Wesser,2021-10-11 15:33:39
https://www.gao.gov/docket/b-420237.1,Integrits Corporation,N00039-21-R-3022,Department of the Navy : Naval Information Warfare Systems Command,B-420237.1,Case Currently Open,"Oct 6, 2021","Jan 14, 2022",Bid Protest,Christina Sklarew,2021-10-11 15:33:41
https://www.gao.gov/docket/b-420238.1,Firebird Analytical Solutions and Technologies,H92257-21-R-0001,Department of Defense : U.S. Special Operations Command,B-420238.1,Case Currently Open,"Oct 6, 2021","Jan 14, 2022",Bid Protest,Edward Goldstein,2021-10-11 15:33:43
https://www.gao.gov/docket/b-419174.2,"Creative Associates International, Inc.",SOL-OAA-17000103,Independent Agencies and Govt Corporations : United States Agency for International Development,B-419174.2,Case Currently Open,"Oct 6, 2021","Jan 14, 2022",Bid Protest,U R. Yoo,2021-10-11 15:33:44
https://www.gao.gov/docket/b-420233.1,"TEP Cleveland OH, LLC",GS-05P-LOH00541,Independent Agencies and Govt Corporations : Public Buildings Service,B-420233.1,Case Currently Open,"Oct 6, 2021","Jan 14, 2022",Bid Protest,Kasia Dourney,2021-10-11 15:33:46
https://www.gao.gov/docket/b-420235.1,"Vyaire Medical, Inc.",75A50121R00046,Department of Health and Human Services,B-420235.1,Case Currently Open,"Oct 6, 2021","Jan 14, 2022",Bid Protest,Sarah T. Zaffina,2021-10-11 15:33:48
https://www.gao.gov/docket/b-420229.1,"Modutech Marine, Inc",N0002421R2255,Department of the Navy : Naval Sea Systems Command,B-420229.1,Case Currently Open,"Oct 5, 2021","Jan 13, 2022",Bid Protest,Young H. Cho,2021-10-11 15:33:49
https://www.gao.gov/docket/b-420231.1,"EAGLES, LLC",W912L821R0003,Department of the Army,B-420231.1,Case Currently Open,"Oct 5, 2021","Jan 13, 2022",Bid Protest,Paul N. Wengert,2021-10-11 15:33:51
https://www.gao.gov/docket/b-420230.1,"Dev Technology Group, Inc.",70CTD021R00000013,Department of Homeland Security : United States Immigration and Customs Enforcement,B-420230.1,Case Currently Open,"Oct 5, 2021","Jan 13, 2022",Bid Protest,Christina Sklarew,2021-10-11 15:33:55
https://www.gao.gov/docket/b-420221.1,"EM Key Solutions, Inc.",36C10B21Q0324,Department of Veterans Affairs,B-420221.1,Case Currently Open,"Oct 4, 2021","Jan 12, 2022",Bid Protest,Christina Sklarew,2021-10-11 15:33:57
https://www.gao.gov/docket/b-420224.1,"L2 Defense, Inc.",M00264-21-R-0009,Department of Defense : United States Marine Corps,B-420224.1,Case Currently Open,"Oct 4, 2021","Jan 12, 2022",Bid Protest,Kenneth Kilgour,2021-10-11 15:33:59
https://www.gao.gov/docket/b-420098.2,"Booz Allen Hamilton, Inc.",FA8730-21-F-0113,Department of the Air Force,B-420098.2,Case Currently Open,"Oct 4, 2021","Jan 12, 2022",Bid Protest,Michael Willems,2021-10-11 15:34:01
https://www.gao.gov/docket/b-420228.1,"Akima Intra-Data, LLC",89303320REM000072,Department of Energy,B-420228.1,Case Currently Open,"Oct 4, 2021","Jan 12, 2022",Bid Protest,Jacob Talcott,2021-10-11 15:34:02
https://www.gao.gov/docket/b-420049.7,"HeiTech-PAE, LLC",70SBUR21R00000009,Department of Homeland Security : United States Citizenship and Immigration Services,B-420049.7,Case Currently Open,"Oct 4, 2021","Jan 12, 2022",Bid Protest,Louis A. Chiarella,2021-10-11 15:34:04
https://www.gao.gov/docket/b-420225.1,Dragonfly Pictures Inc,FA3099-21-P-0030,Department of the Air Force,B-420225.1,Case Currently Open,"Oct 4, 2021","Jan 12, 2022",Bid Protest,Katherine I. Riback,2021-10-11 15:34:08
https://www.gao.gov/docket/b-420227.1,Magnum Multimedia,N/A,Department of Labor,B-420227.1,Case Currently Open,"Oct 4, 2021","Jan 12, 2022",Bid Protest,Christina Sklarew,2021-10-11 15:34:09
https://www.gao.gov/docket/b-420222.1,"Basic Concepts, Inc.",SPE4A7-21-T-709J,Department of Defense : Defense Logistics Agency,B-420222.1,Case Currently Open,"Oct 4, 2021","Jan 12, 2022",Bid Protest,Christine Milne,2021-10-11 15:34:11
https://www.gao.gov/docket/b-418903.7,CSRA LLC,19AQMM20R0032,Department of State,B-418903.7,Case Currently Open,"Oct 4, 2021","Jan 12, 2022",Bid Protest,Scott H. Riback,2021-10-11 15:34:13
https://www.gao.gov/docket/b-420220.1,Nexsys Electronics Inc-  dba Medweb,HT005020R0063,Department of Defense : Defense Health Agency,B-420220.1,Case Currently Open,"Oct 4, 2021","Jan 12, 2022",Bid Protest,Raymond Richards,2021-10-11 15:34:14
https://www.gao.gov/docket/b-419890.3,"MetroStar Systems, Inc.",632000295-WHSSS-PITSC,Department of Defense : Defense Information Systems Agency,B-419890.3,Case Currently Open,"Oct 4, 2021","Jan 12, 2022",Bid Protest,Samantha Lee,2021-10-11 15:34:16
https://www.gao.gov/docket/b-420223.1,"Applied Sciences & Information Systems, Inc.",140F0921R0009,Department of the Interior : United States Fish and Wildlife Service,B-420223.1,Case Currently Open,"Oct 4, 2021","Jan 12, 2022",Bid Protest,Michael P. Grogan,2021-10-11 15:34:18
https://www.gao.gov/docket/b-420226.1,"Operations Services, Inc.",SP3300-20-R-5005,Department of Defense : Defense Logistics Agency,B-420226.1,Case Currently Open,"Oct 4, 2021","Jan 12, 2022",Bid Protest,Michael Willems,2021-10-11 15:34:19
https://www.gao.gov/docket/b-420216.1,Science and Technology Corporation,1305M321QNWWX0061,Department of Commerce : National Oceanic and Atmospheric Administration,B-420216.1,Case Currently Open,"Oct 1, 2021","Jan 10, 2022",Bid Protest,Louis A. Chiarella,2021-10-11 15:34:21
https://www.gao.gov/docket/b-420217.1,Monbo Group International,Not Applicable,Department of Housing and Urban Development,B-420217.1,Case Currently Open,"Oct 1, 2021","Jan 10, 2022",Bid Protest,Emily R. O'Hara,2021-10-11 15:34:22
https://www.gao.gov/docket/b-419797.2,"Hangar 4 Services, LLC",36C78621Q0085,Department of Veterans Affairs,B-419797.2,Case Currently Open,"Oct 1, 2021","Jan 10, 2022",Bid Protest,Michael Willems,2021-10-11 15:34:25
https://www.gao.gov/docket/b-419480.5,"WRGA Fire Training Simulation Solutions, Inc.",N61340-20-R-0116,Department of the Navy : Naval Air Systems Command,B-419480.5,Case Currently Open,"Oct 1, 2021","Jan 10, 2022",Bid Protest,Heather Self,2021-10-11 15:34:27
https://www.gao.gov/docket/b-420214.1,"Gig Line Media, LLC",36C25221P1331,Department of Veterans Affairs,B-420214.1,Case Currently Open,"Oct 1, 2021","Jan 10, 2022",Bid Protest,Paul N. Wengert,2021-10-11 15:34:29
https://www.gao.gov/docket/b-420215.1,"AttainX, Inc.",N/A,Department of Agriculture,B-420215.1,Case Currently Open,"Oct 1, 2021","Jan 10, 2022",Bid Protest,Katherine I. Riback,2021-10-11 15:34:30
https://www.gao.gov/docket/b-418450.2,"Ortho-Clinical Diagnostics, Inc.",N6264519RCES080,Department of the Navy : Naval Supply Systems Command,B-418450.2,Case Currently Open,"Oct 1, 2021","Jan 10, 2022",Bid Protest,David A. Edelstein,2021-10-11 15:34:35
https://www.gao.gov/docket/b-419327.2,"APC DB JV, LLC",W9126G20R0051,Department of the Army : Corps of Engineers,B-419327.2,Case Currently Open,"Oct 1, 2021","Jan 10, 2022",Bid Protest,Michael P. Grogan,2021-10-11 15:34:36
https://www.gao.gov/docket/b-419796.2,"Hangar 4 Services, LLC",36C78621Q0092,Department of Veterans Affairs,B-419796.2,Case Currently Open,"Oct 1, 2021","Jan 10, 2022",Bid Protest,Michael Willems,2021-10-11 15:34:38
https://www.gao.gov/docket/b-420211.1,"Pitney Bowes, Inc.",11578584,Department of the Army,B-420211.1,Case Currently Open,"Sep 30, 2021","Jan 10, 2022",Bid Protest,Scott H. Riback,2021-10-11 15:34:40
https://www.gao.gov/docket/b-420208.1,Mettle Ops,M68909-21-R- 7903,Department of Defense : United States Marine Corps,B-420208.1,Case Currently Open,"Sep 30, 2021","Jan 10, 2022",Bid Protest,Michael P. Price,2021-10-11 15:34:41
https://www.gao.gov/docket/b-420073.2,"Vertex Aerospace, LLC",FA3002-21-R-0001,Department of the Air Force,B-420073.2,Case Currently Open,"Sep 30, 2021","Jan 10, 2022",Bid Protest,Katherine I. Riback,2021-10-11 15:34:44
https://www.gao.gov/docket/b-420212.1,"PAE National Security Solutions, LLC",HDTRA1-20-R-0006,Department of Defense : Defense Threat Reduction Agency,B-420212.1,Case Currently Open,"Sep 30, 2021","Jan 10, 2022",Bid Protest,Christina Sklarew,2021-10-11 15:34:46
https://www.gao.gov/docket/b-420213.1,Milliman Inc.,16PBGC-21-R-0012,Independent Agencies and Govt Corporations : Pension Benefit Guaranty Corporation,B-420213.1,Case Currently Open,"Sep 30, 2021","Jan 10, 2022",Bid Protest,Heather Self,2021-10-11 15:34:48
https://www.gao.gov/docket/b-420199.2,"FreeAlliance.com, Inc.",W9124J-21-R-HELP,Department of the Army,B-420199.2,Case Currently Open,"Sep 30, 2021","Jan 10, 2022",Bid Protest,Paula A. Williams,2021-10-11 15:34:49
https://www.gao.gov/docket/b-420206.1,VidmanBarber LLC,N/A,Department of Education,B-420206.1,Case Currently Open,"Sep 29, 2021","Jan 7, 2022",Bid Protest,Emily R. O'Hara,2021-10-11 15:34:51
https://www.gao.gov/docket/b-420203.1,"ICU Medical Sales, Inc.",36C25721Q1121,Department of Veterans Affairs,B-420203.1,Case Currently Open,"Sep 29, 2021","Jan 7, 2022",Bid Protest,Paul N. Wengert,2021-10-11 15:34:53
https://www.gao.gov/docket/b-420205.1,"Cherokee CRC, LLC",140A1621R0062,Department of the Interior : Bureau of Indian Affairs,B-420205.1,Case Currently Open,"Sep 29, 2021","Jan 7, 2022",Bid Protest,Samantha Lee,2021-10-11 15:34:55
https://www.gao.gov/docket/b-419956.24,"CWS FMTI JV, LLC",75N98121R00001,Department of Health and Human Services : National Institutes of Health,B-419956.24,Case Currently Open,"Sep 29, 2021","Jan 7, 2022",Bid Protest,Jonathan L. Kang,2021-10-11 15:34:57
https://www.gao.gov/docket/b-420207.1,"Video Dynamics, Inc.",HHM402-20-R-0029,Department of Defense : Defense Intelligence Agency,B-420207.1,Case Currently Open,"Sep 29, 2021","Jan 7, 2022",Bid Protest,April Y. Shields,2021-10-11 15:34:59
https://www.gao.gov/docket/b-420202.1,"Emagine IT, Inc.",140D0421R0034,Department of the Interior,B-420202.1,Case Currently Open,"Sep 29, 2021","Jan 7, 2022",Bid Protest,David A. Edelstein,2021-10-11 15:35:02
https://www.gao.gov/docket/b-420204.1,"Stampede Ventures, Inc.",140R3021R0001,Department of the Interior : Bureau of Reclamation,B-420204.1,Case Currently Open,"Sep 29, 2021","Jan 7, 2022",Bid Protest,Christine Milne,2021-10-11 15:35:03
https://www.gao.gov/docket/b-420049.6,"HeiTech-PAE, LLC",70SBUR21R00000009,Department of Homeland Security : United States Citizenship and Immigration Services,B-420049.6,Case Currently Open,"Sep 28, 2021","Jan 6, 2022",Bid Protest: Reconsideration,Louis A. Chiarella,2021-10-11 15:35:05
https://www.gao.gov/docket/b-419672.2,"Enigma International, LLC",W911W4-19-R-GTMO-III,Department of the Army,B-419672.2,Case Currently Open,"Sep 28, 2021","Jan 6, 2022",Bid Protest,Katherine I. Riback,2021-10-11 15:35:06
https://www.gao.gov/docket/b-417760.5,BHB Limited Partnership & Indiana Associates Ltd. Partnership,6DC0335,Independent Agencies and Govt Corporations : General Services Administration,B-417760.5,Case Currently Open,"Sep 27, 2021","Jan 5, 2022",Bid Protest: Entitlement,N/A,2021-10-11 15:35:07
https://www.gao.gov/docket/b-420130.2,"Sea Box, Inc.",SPE8ED-21-Q-1167,Department of Defense : Defense Logistics Agency,B-420130.2,Case Currently Open,"Sep 27, 2021","Jan 5, 2022",Bid Protest,Emily R. O'Hara,2021-10-11 15:35:09
https://www.gao.gov/docket/b-420197.1,Zafer Taahut Insaat ve Ticaret AS,72066821R00014,Independent Agencies and Govt Corporations : United States Agency for International Development,B-420197.1,Case Currently Open,"Sep 27, 2021","Jan 5, 2022",Bid Protest,Hannah G. Barnes,2021-10-11 15:35:13
https://www.gao.gov/docket/b-420195.1,"Manta Group, LLC",70RCSA21Q00000053,Department of Homeland Security,B-420195.1,Case Currently Open,"Sep 27, 2021","Jan 5, 2022",Bid Protest,Mary G. Curcio,2021-10-11 15:35:14
https://www.gao.gov/docket/b-420201.1,"Allosense, Inc.",F1M2X51194A001,Department of the Air Force,B-420201.1,Case Currently Open,"Sep 27, 2021","Jan 5, 2022",Bid Protest,Christopher Alwood,2021-10-11 15:35:16
https://www.gao.gov/docket/b-420078.2,"XL Associates, Inc.",88310321Q00075,Independent Agencies and Govt Corporations : National Archives and Records Administration,B-420078.2,Case Currently Open,"Sep 27, 2021","Jan 5, 2022",Bid Protest,Heather Weiner,2021-10-11 15:35:18
https://www.gao.gov/docket/b-420177.2,AT&T Corporation,15F06720R0000174-TO1,Department of Justice : Federal Bureau of Investigation,B-420177.2,Case Currently Open,"Sep 27, 2021","Jan 5, 2022",Bid Protest,Jonathan L. Kang,2021-10-11 15:35:19
https://www.gao.gov/docket/b-420178.2,AT&T Corporation,15F06720R0000174-TO2,Department of Justice : Federal Bureau of Investigation,B-420178.2,Case Currently Open,"Sep 27, 2021","Jan 5, 2022",Bid Protest,Jonathan L. Kang,2021-10-11 15:35:23
https://www.gao.gov/docket/b-420199.1,"OSI Vision, LLC",W9124J-21-R-HELP,Department of the Army,B-420199.1,Case Currently Open,"Sep 27, 2021","Jan 5, 2022",Bid Protest,Paula A. Williams,2021-10-11 15:35:25
https://www.gao.gov/docket/b-419472.4,Ashlin Management Group,1605C2-20-Q-00006,Department of Labor,B-419472.4,Case Currently Open,"Sep 27, 2021","Jan 5, 2022",Bid Protest,Heather Self,2021-10-11 15:35:26
https://www.gao.gov/docket/b-420198.1,"ICU Medical Sales, Inc.",N6809621Q1011,Department of the Navy : Naval Supply Systems Command,B-420198.1,Case Currently Open,"Sep 27, 2021","Jan 5, 2022",Bid Protest,Samantha Lee,2021-10-11 15:35:28
https://www.gao.gov/docket/b-420200.1,"Intercontinental Construction Contracting, Inc.",W912DS-21-R-0003,Department of the Army : Corps of Engineers,B-420200.1,Case Currently Open,"Sep 27, 2021","Jan 5, 2022",Bid Protest,Sarah T. Zaffina,2021-10-11 15:35:30
https://www.gao.gov/docket/b-420162.2,New World International Holdings Corporation,SPE2DE-21-R-0010,Department of Defense : Defense Logistics Agency,B-420162.2,Case Currently Open,"Sep 27, 2021","Jan 5, 2022",Bid Protest,Christine Milne,2021-10-11 15:35:32
https://www.gao.gov/docket/b-420168.3,"General Dynamics Information Technology, Inc.",HC102819R0009,Department of Defense : Defense Information Systems Agency,B-420168.3,Case Currently Open,"Sep 24, 2021","Jan 3, 2022",Bid Protest,Glenn G. Wolcott,2021-10-11 15:35:33
https://www.gao.gov/docket/b-420194.1,Aviation Ground Equipment Corporation,FA4626-21-Q-0026,Department of the Air Force,B-420194.1,Case Currently Open,"Sep 24, 2021","Jan 3, 2022",Bid Protest,Christine Milne,2021-10-11 15:35:34
https://www.gao.gov/docket/b-419940.3,Shamrock Marine Towing & Salvage,70Z08421QBB109300,Department of Homeland Security : United States Coast Guard,B-419940.3,Case Currently Open,"Sep 24, 2021","Jan 3, 2022",Bid Protest,April Y. Shields,2021-10-11 15:35:36
https://www.gao.gov/docket/b-419674.5,"Hygeia Solutions Partners, LLC",15JPSS20Q00000059,Department of Justice : Justice Management Division,B-419674.5,Case Currently Open,"Sep 24, 2021","Jan 3, 2022",Bid Protest,Scott H. Riback,2021-10-11 15:35:38
https://www.gao.gov/docket/b-420193.1,Guidehouse LLP,36C10D21Q0038,Department of Veterans Affairs,B-420193.1,Case Currently Open,"Sep 24, 2021","Jan 3, 2022",Bid Protest,April Y. Shields,2021-10-11 15:35:39
https://www.gao.gov/docket/b-420190.1,"Blueprint Consulting Services, LLC-  dba Excelicon",70FA3021Q00000042,Department of Homeland Security : Federal Emergency Management Agency,B-420190.1,Case Currently Open,"Sep 24, 2021","Jan 3, 2022",Bid Protest,U R. Yoo,2021-10-11 15:35:41
https://www.gao.gov/docket/b-420191.1,"Three Wire Systems, LLC",W81XWH-21-R-0033,Department of the Army,B-420191.1,Case Currently Open,"Sep 24, 2021","Jan 3, 2022",Bid Protest,Louis A. Chiarella,2021-10-11 15:35:43
https://www.gao.gov/docket/b-420190.2,"Trillion ERP VentureTech, LLC",70FA3021Q00000042,Department of Homeland Security : Federal Emergency Management Agency,B-420190.2,Case Currently Open,"Sep 24, 2021","Jan 3, 2022",Bid Protest,U R. Yoo,2021-10-11 15:35:44
https://www.gao.gov/docket/b-420192.1,"Rho Federal Systems Division, Inc.",75N93020R00011,Department of Health and Human Services : National Institutes of Health,B-420192.1,Case Currently Open,"Sep 24, 2021","Jan 3, 2022",Bid Protest,Paul N. Wengert,2021-10-11 15:35:46
https://www.gao.gov/docket/b-420187.1,"Cydecor, Inc.",N00189-21-R-Z032,Department of the Navy : Naval Supply Systems Command,B-420187.1,Case Currently Open,"Sep 23, 2021","Jan 3, 2022",Bid Protest,Raymond Richards,2021-10-11 15:35:50
https://www.gao.gov/docket/b-418633.4,"Advanced Concepts and Technologies International, LLC",FA701420R0004,Department of the Air Force,B-418633.4,Case Currently Open,"Sep 23, 2021","Jan 3, 2022",Bid Protest,Kenneth Kilgour,2021-10-11 15:35:51
https://www.gao.gov/docket/b-420210.1,Probity Inc.,2021-20110900001S,Independent Agencies and Govt Corporations : Central Intelligence Agency,B-420210.1,Case Currently Open,"Sep 23, 2021","Jan 3, 2022",Bid Protest,Heather Weiner,2021-10-11 15:35:53
https://www.gao.gov/docket/b-420070.2,"MindPetal Software Solutions, Inc.",140P2121R0011,Department of the Interior : National Park Service,B-420070.2,Case Currently Open,"Sep 23, 2021","Jan 3, 2022",Bid Protest,Christine Milne,2021-10-11 15:35:55
https://www.gao.gov/docket/b-420189.1,"Architectural Consulting Group of Chicago, Inc.",W912DQ21B1017,Department of the Army : Corps of Engineers,B-420189.1,Case Currently Open,"Sep 23, 2021","Jan 3, 2022",Bid Protest,Christopher An,2021-10-11 15:35:56
https://www.gao.gov/docket/b-420136.2,"Oracle America, Inc.",SP4709-21-Q-1053,Department of Defense : Defense Logistics Agency,B-420136.2,Case Currently Open,"Sep 23, 2021","Jan 3, 2022",Bid Protest,Samantha Lee,2021-10-11 15:35:58
https://www.gao.gov/docket/b-420140.3,AP3SI,HT001120R0003,Department of Defense : Defense Health Agency,B-420140.3,Case Currently Open,"Sep 23, 2021","Jan 3, 2022",Bid Protest,Alexander O. Levine,2021-10-11 15:36:00
https://www.gao.gov/docket/b-420188.1,"JW Mills Management, LLC",N/A,Department of the Navy : Naval Supply Systems Command,B-420188.1,Case Currently Open,"Sep 23, 2021","Jan 3, 2022",Bid Protest,Michael P. Grogan,2021-10-11 15:36:02
https://www.gao.gov/docket/b-419919.2,"Amaze Technologies, LLC",FA4890-21-R-0001,Department of the Air Force,B-419919.2,Case Currently Open,"Sep 22, 2021","Jan 3, 2022",Bid Protest: Entitlement,Alexander O. Levine,2021-10-11 15:36:04
https://www.gao.gov/docket/b-420185.1,"KTS Solutions, Inc.",36C24621Q0704,Department of Veterans Affairs,B-420185.1,Case Currently Open,"Sep 22, 2021","Jan 3, 2022",Bid Protest,Hannah G. Barnes,2021-10-11 15:36:05
https://www.gao.gov/docket/b-418538.5,"IAP World Services, Inc.",N69450-20-R-0010,Department of the Navy : Naval Facilities Engineering Command,B-418538.5,Case Currently Open,"Sep 22, 2021","Jan 3, 2022",Bid Protest,Scott H. Riback,2021-10-11 15:36:07
https://www.gao.gov/docket/b-420140.2,"Gritter Francona, Inc.",HT001120R0003,Department of Defense : Defense Health Agency,B-420140.2,Case Currently Open,"Sep 22, 2021","Jan 3, 2022",Bid Protest,Alexander O. Levine,2021-10-11 15:36:09
https://www.gao.gov/docket/b-420181.1,"Oracle America, Inc.",SP4701-21-Q-1000,Department of Defense : Defense Logistics Agency,B-420181.1,Case Currently Open,"Sep 21, 2021","Dec 30, 2021",Bid Protest,Samantha Lee,2021-10-11 15:36:10
https://www.gao.gov/docket/b-420182.1,Tower Strategy Group Inc,140D0421Q0535,Department of the Interior,B-420182.1,Case Currently Open,"Sep 21, 2021","Dec 30, 2021",Bid Protest,April Y. Shields,2021-10-11 15:36:12
https://www.gao.gov/docket/b-420115.2,"Salient CRGT, Inc.,",TOPR-JC-21-0001,Department of the Army,B-420115.2,Case Currently Open,"Sep 20, 2021","Dec 29, 2021",Bid Protest,Raymond Richards,2021-10-11 15:36:13
https://www.gao.gov/docket/b-420173.1,"Celerity Government Solutions, LLC",C-85619-SB,Department of Defense : Defense Information Systems Agency,B-420173.1,Case Currently Open,"Sep 20, 2021","Dec 29, 2021",Bid Protest,Heather Self,2021-10-11 15:36:14
https://www.gao.gov/docket/b-420174.1,"Zermount, Inc.",70US0921R70090055,Department of Homeland Security : United States Secret Service,B-420174.1,Case Currently Open,"Sep 20, 2021","Dec 29, 2021",Bid Protest,Katherine I. Riback,2021-10-11 15:36:16
https://www.gao.gov/docket/b-420169.1,Science Applications International Corporation,HQ003421R0196,Department of Defense : Washington Headquarters Services,B-420169.1,Case Currently Open,"Sep 20, 2021","Dec 29, 2021",Bid Protest,Kasia Dourney,2021-10-11 15:36:18
https://www.gao.gov/docket/b-420168.2,"Salient CRGT, Inc.,",HC102819R0009,Department of Defense : Defense Information Systems Agency,B-420168.2,Case Currently Open,"Sep 20, 2021","Dec 29, 2021",Bid Protest,Glenn G. Wolcott,2021-10-11 15:36:19
https://www.gao.gov/docket/b-420167.1,"LB&B Associates, Inc.",88310321Q00023,Independent Agencies and Govt Corporations : National Archives and Records Administration,B-420167.1,Case Currently Open,"Sep 20, 2021","Dec 29, 2021",Bid Protest,Emily R. O'Hara,2021-10-11 15:36:21
https://www.gao.gov/docket/b-419763.3,"Enterprise Resource Planned Systems International, LLC",C-85117-SB,Department of the Treasury : Bureau of the Fiscal Service,B-419763.3,Case Currently Open,"Sep 20, 2021","Dec 29, 2021",Bid Protest,Michael P. Grogan,2021-10-11 15:36:26
https://www.gao.gov/docket/b-418684.5,"KTS Solutions, Inc.",36C24720R0012,Department of Veterans Affairs,B-418684.5,Case Currently Open,"Sep 20, 2021","Dec 29, 2021",Bid Protest,Heather Weiner,2021-10-11 15:36:28
https://www.gao.gov/docket/b-420179.1,"DCR Services & Construction, Inc.",RFQ1489735,Department of the Interior : National Park Service,B-420179.1,Case Currently Open,"Sep 20, 2021","Dec 29, 2021",Bid Protest,Evan D. Wesser,2021-10-11 15:36:30
https://www.gao.gov/docket/b-420176.1,"PrimCorp, LLC",FA4484-21-R-0003,Department of the Air Force,B-420176.1,Case Currently Open,"Sep 20, 2021","Dec 29, 2021",Bid Protest,David A. Edelstein,2021-10-11 15:36:32
https://www.gao.gov/docket/b-420168.1,Vectrus Systems Corporation,HC102819R0009,Department of Defense : Defense Information Systems Agency,B-420168.1,Case Currently Open,"Sep 20, 2021","Dec 29, 2021",Bid Protest,Glenn G. Wolcott,2021-10-11 15:36:34
https://www.gao.gov/docket/b-420170.1,"Basic Concepts, Inc.",SPE4A7-21-Q-1235,Department of Defense : Defense Logistics Agency,B-420170.1,Case Currently Open,"Sep 20, 2021","Dec 29, 2021",Bid Protest,Paul N. Wengert,2021-10-11 15:36:35
https://www.gao.gov/docket/b-420171.1,"Chenega Enterprise Systems & Solutions, LLC",RFQ1509663,Department of Agriculture : Natural Resources Conservation Service,B-420171.1,Case Currently Open,"Sep 20, 2021","Dec 29, 2021",Bid Protest,Christine Milne,2021-10-11 15:36:37
https://www.gao.gov/docket/b-420175.1,"Ad Hoc, LLC",RFQ-CMS-2021-210887,Department of Health and Human Services : Centers for Medicare and Medicaid Services,B-420175.1,Case Currently Open,"Sep 20, 2021","Dec 29, 2021",Bid Protest,Kenneth Kilgour,2021-10-11 15:36:39
https://www.gao.gov/docket/b-420177.1,AT&T Corporation,15F06720R0000174-TO1,Department of Justice : Federal Bureau of Investigation,B-420177.1,Case Currently Open,"Sep 20, 2021","Dec 29, 2021",Bid Protest,Jonathan L. Kang,2021-10-11 15:36:42
https://www.gao.gov/docket/b-420178.1,AT&T Corporation,15F06720R0000174-TO2,Department of Justice : Federal Bureau of Investigation,B-420178.1,Case Currently Open,"Sep 20, 2021","Dec 29, 2021",Bid Protest,Jonathan L. Kang,2021-10-11 15:36:43
https://www.gao.gov/docket/b-420156.2,SparkSoft Corporation,TORP-CMS-2022-200631,Department of Health and Human Services : Centers for Medicare and Medicaid Services,B-420156.2,Case Currently Open,"Sep 17, 2021","Dec 27, 2021",Bid Protest,Young H. Cho,2021-10-11 15:36:45
https://www.gao.gov/docket/b-420165.1,"The Ginn Group, Inc.",N6945021R0056,Department of the Navy : Naval Facilities Engineering Command,B-420165.1,Case Currently Open,"Sep 17, 2021","Dec 27, 2021",Bid Protest,Sarah T. Zaffina,2021-10-11 15:36:46
https://www.gao.gov/docket/b-419699.4,"EMCOR Government Services, Inc.",47PD0321Q0002,Independent Agencies and Govt Corporations : Public Buildings Service,B-419699.4,Case Currently Open,"Sep 17, 2021","Dec 27, 2021",Bid Protest,Paula A. Williams,2021-10-11 15:36:48
https://www.gao.gov/docket/b-419024.5,"A. Prentice Ray & Associates, LLC",GS00Q-13-DR-0002-8a,Independent Agencies and Govt Corporations : Federal Acquisition Service,B-419024.5,Case Currently Open,"Sep 17, 2021","Dec 27, 2021",Bid Protest,Charmaine Stevenson,2021-10-11 15:36:50
https://www.gao.gov/docket/b-420045.2,"W.W. Grainger, Inc.",47QSCC-20-Q-5015,Independent Agencies and Govt Corporations : Federal Acquisition Service,B-420045.2,Case Currently Open,"Sep 17, 2021","Dec 27, 2021",Bid Protest,U R. Yoo,2021-10-11 15:36:52
https://www.gao.gov/docket/b-420133.3,"Insight Technology Solutions, Inc.",70CTD021R00000002,Department of Homeland Security : United States Immigration and Customs Enforcement,B-420133.3,Case Currently Open,"Sep 17, 2021","Dec 27, 2021",Bid Protest,Christopher Alwood,2021-10-11 15:36:53
https://www.gao.gov/docket/b-420162.1,"Becton, Dickinson and Company",SPE2DE-21-R-0010,Department of Defense : Defense Logistics Agency,B-420162.1,Case Currently Open,"Sep 17, 2021","Dec 27, 2021",Bid Protest,Paul N. Wengert,2021-10-11 15:36:55
https://www.gao.gov/docket/b-418684.4,"Excelsior Ambulance Service, Inc.",36C24720R0012,Department of Veterans Affairs,B-418684.4,Case Currently Open,"Sep 17, 2021","Dec 27, 2021",Bid Protest,Heather Weiner,2021-10-11 15:36:57
https://www.gao.gov/docket/b-420163.1,UFA Inc.,FA8730-21-R-0032,Department of the Air Force,B-420163.1,Case Currently Open,"Sep 17, 2021","Dec 27, 2021",Bid Protest,Kenneth Kilgour,2021-10-11 15:36:58
https://www.gao.gov/docket/b-420161.1,Vedetta 2 Mondialpol SPA,W912PF21R0002,Department of the Army,B-420161.1,Case Currently Open,"Sep 16, 2021","Dec 27, 2021",Bid Protest,Hannah G. Barnes,2021-10-11 15:37:00
https://www.gao.gov/docket/b-420159.1,"Strategic Operational Solutions, Inc.",70SBUR21R00000025,Department of Homeland Security : United States Citizenship and Immigration Services,B-420159.1,Case Currently Open,"Sep 15, 2021","Dec 27, 2021",Bid Protest,Michael Willems,2021-10-11 15:37:04
https://www.gao.gov/docket/b-420160.1,"GiaCare, Inc.",W81K04-21-R-0002,Department of the Army,B-420160.1,Case Currently Open,"Sep 15, 2021","Dec 27, 2021",Bid Protest,Louis A. Chiarella,2021-10-11 15:37:06
https://www.gao.gov/docket/b-419810.4,"Amaze Technologies, LLC",FA8773-21-R-8002,Department of the Air Force,B-419810.4,Case Currently Open,"Sep 15, 2021","Dec 27, 2021",Bid Protest: Entitlement,Louis A. Chiarella,2021-10-11 15:37:08
https://www.gao.gov/docket/b-420156.1,SparkSoft Corporation,TORP-CMS-2022-200631,Department of Health and Human Services : Centers for Medicare and Medicaid Services,B-420156.1,Case Currently Open,"Sep 14, 2021","Dec 23, 2021",Bid Protest,Young H. Cho,2021-10-11 15:37:09
https://www.gao.gov/docket/b-420133.2,"Insight Technology Solutions, Inc.",70CTD021R00000002,Department of Homeland Security : United States Immigration and Customs Enforcement,B-420133.2,Case Currently Open,"Sep 13, 2021","Dec 22, 2021",Bid Protest,Christopher Alwood,2021-10-11 15:37:11
https://www.gao.gov/docket/b-419480.4,"WRGA Fire Training Simulation Solutions, Inc.",N61340-20-R-0116,Department of the Navy : Naval Air Systems Command,B-419480.4,Case Currently Open,"Sep 13, 2021","Dec 22, 2021",Bid Protest,Heather Self,2021-10-11 15:37:12
https://www.gao.gov/docket/b-420153.1,"Fors Marsh Group, LLC",91990021R0020,Department of Education,B-420153.1,Case Currently Open,"Sep 13, 2021","Dec 22, 2021",Bid Protest,Evan D. Wesser,2021-10-11 15:37:14
https://www.gao.gov/docket/b-419865.3,"TeamGOV, Inc.",47PD0121Q0007,Independent Agencies and Govt Corporations : Public Buildings Service,B-419865.3,Case Currently Open,"Sep 13, 2021","Dec 22, 2021",Bid Protest,Young H. Cho,2021-10-11 15:37:15
https://www.gao.gov/docket/b-420151.1,P3 Delivery,24361821R0203,Independent Agencies and Govt Corporations : Office of Personnel Management,B-420151.1,Case Currently Open,"Sep 13, 2021","Dec 22, 2021",Bid Protest,Kasia Dourney,2021-10-11 15:37:17
https://www.gao.gov/docket/b-420030.2,"RK Consultancy Services, Inc.",210501,Department of Health and Human Services : Centers for Medicare and Medicaid Services,B-420030.2,Case Currently Open,"Sep 13, 2021","Dec 22, 2021",Bid Protest,Raymond Richards,2021-10-11 15:37:19
https://www.gao.gov/docket/b-420116.2,"Booz Allen Hamilton, Inc.",ID04200119,Independent Agencies and Govt Corporations : Federal Acquisition Service,B-420116.2,Case Currently Open,"Sep 13, 2021","Dec 22, 2021",Bid Protest,Sarah T. Zaffina,2021-10-11 15:37:20
https://www.gao.gov/docket/b-419612.3,"ENGlobal Government Services, Inc.",SP4702-20-R-0014,Department of Defense : Defense Logistics Agency,B-419612.3,Case Currently Open,"Sep 10, 2021","Dec 20, 2021",Bid Protest,April Y. Shields,2021-10-11 15:37:22
https://www.gao.gov/docket/b-419737.3,"International Center for Language Studies, Inc.",15DDHQ21Q00000002,Department of Justice : Drug Enforcement Administration,B-419737.3,Case Currently Open,"Sep 10, 2021","Dec 20, 2021",Bid Protest,Hannah G. Barnes,2021-10-11 15:37:24
https://www.gao.gov/docket/b-420149.1,"Cantu Services, Inc.",W9124J-20-R-0033,Department of the Army,B-420149.1,Case Currently Open,"Sep 10, 2021","Dec 20, 2021",Bid Protest,Kenneth Kilgour,2021-10-11 15:37:25
https://www.gao.gov/docket/b-420150.1,"Meridian Knowledge Solutions, LLC",70RTAC20Q00000081,Department of Homeland Security,B-420150.1,Case Currently Open,"Sep 10, 2021","Dec 20, 2021",Bid Protest,Michael Willems,2021-10-11 15:37:27
https://www.gao.gov/docket/b-419956.23,"Ardent Management Consulting, Inc.",75N98121R00001,Department of Health and Human Services : National Institutes of Health,B-419956.23,Case Currently Open,"Sep 10, 2021","Dec 20, 2021",Bid Protest,Jonathan L. Kang,2021-10-11 15:37:29
https://www.gao.gov/docket/b-419846.2,"CBF Partners JV, LLC",50310221R0008,Independent Agencies and Govt Corporations : United States Securities and Exchange Commission,B-419846.2,Case Currently Open,"Sep 10, 2021","Dec 20, 2021",Bid Protest,Raymond Richards,2021-10-11 15:37:30
https://www.gao.gov/docket/b-419910.3,"Sterling Medical Associates, Inc.",36C24219R0090,Department of Veterans Affairs,B-419910.3,Case Currently Open,"Sep 8, 2021","Dec 17, 2021",Bid Protest: Entitlement,Mary G. Curcio,2021-10-11 15:37:32
https://www.gao.gov/docket/b-420140.1,AP3SI,HT001120R0003,Department of Defense : Defense Health Agency,B-420140.1,Case Currently Open,"Sep 8, 2021","Dec 17, 2021",Bid Protest,Alexander O. Levine,2021-10-11 15:37:34
https://www.gao.gov/docket/b-420137.1,"Deloitte Consulting, LLP",HT001521Q0003,Department of Defense : Defense Health Agency,B-420137.1,Case Currently Open,"Sep 7, 2021","Dec 16, 2021",Bid Protest,Charmaine Stevenson,2021-10-11 15:37:35
https://www.gao.gov/docket/b-419480.3,"WRGA Fire Training Simulation Solutions, Inc.",N61340-20-R-0116,Department of the Navy : Naval Air Systems Command,B-419480.3,Case Currently Open,"Sep 7, 2021","Dec 16, 2021",Bid Protest,Heather Self,2021-10-11 15:37:39
https://www.gao.gov/docket/b-420003.2,"Choctaw Defense Munitions, LLC",W81XWH-21-R-0004,Department of the Army,B-420003.2,Case Currently Open,"Sep 7, 2021","Dec 16, 2021",Bid Protest,Jacob Talcott,2021-10-11 15:37:41
https://www.gao.gov/docket/b-420138.1,"American Mine Services, LLC",W912WJ21B0022,Department of the Army : Corps of Engineers,B-420138.1,Case Currently Open,"Sep 7, 2021","Dec 16, 2021",Bid Protest,Young H. Cho,2021-10-11 15:37:43
https://www.gao.gov/docket/b-420126.2,"28 Trans, LLC",36C24821R0117,Department of Veterans Affairs,B-420126.2,Case Currently Open,"Sep 7, 2021","Dec 16, 2021",Bid Protest,Paula A. Williams,2021-10-11 15:37:45
https://www.gao.gov/docket/b-420133.1,Computer World Services Corporation,70CTD021R00000002,Department of Homeland Security : United States Immigration and Customs Enforcement,B-420133.1,Case Currently Open,"Sep 7, 2021","Dec 16, 2021",Bid Protest,Christopher Alwood,2021-10-11 15:37:47
https://www.gao.gov/docket/b-420021.3,"Manhattan Strategy Group, LLC",1605C5-21-Q-00034,Department of Labor,B-420021.3,Case Currently Open,"Sep 7, 2021","Dec 16, 2021",Bid Protest,Paul N. Wengert,2021-10-11 15:37:48
https://www.gao.gov/docket/b-420137.2,"ManTech Advanced Systems International, Inc.",HT001521Q0003,Department of Defense : Defense Health Agency,B-420137.2,Case Currently Open,"Sep 7, 2021","Dec 16, 2021",Bid Protest,Charmaine Stevenson,2021-10-11 15:37:50
https://www.gao.gov/docket/b-420136.1,"Oracle America, Inc.",SP4709-21-Q-1053,Department of Defense : Defense Logistics Agency,B-420136.1,Case Currently Open,"Sep 7, 2021","Dec 16, 2021",Bid Protest,Samantha Lee,2021-10-11 15:37:52
https://www.gao.gov/docket/b-418321.7,"Deloitte Consulting, LLP",191606,Department of Health and Human Services : Centers for Medicare and Medicaid Services,B-418321.7,Case Currently Open,"Sep 7, 2021","Dec 16, 2021",Bid Protest,Glenn G. Wolcott,2021-10-11 15:37:53
https://www.gao.gov/docket/b-420016.2,"Jacobs Technology, Inc.",80JSC020R0026,Independent Agencies and Govt Corporations : National Aeronautics and Space Administration,B-420016.2,Case Currently Open,"Sep 7, 2021","Dec 16, 2021",Bid Protest,Michael P. Grogan,2021-10-11 15:37:55
https://www.gao.gov/docket/b-420132.1,American Systems Corporation,FA7046-21-R-0004,Department of the Air Force,B-420132.1,Case Currently Open,"Sep 7, 2021","Dec 16, 2021",Bid Protest,Heather Self,2021-10-11 15:37:57
https://www.gao.gov/docket/b-420134.1,"Systematic Management Services, Inc.",15F06721Q0000239,Department of Justice : Federal Bureau of Investigation,B-420134.1,Case Currently Open,"Sep 7, 2021","Dec 16, 2021",Bid Protest,Kasia Dourney,2021-10-11 15:37:58
https://www.gao.gov/docket/b-420139.1,"22nd Century Technologies, Inc.",RS3-18-0081,Department of the Army : U.S. Army Materiel Command,B-420139.1,Case Currently Open,"Sep 7, 2021","Dec 16, 2021",Bid Protest,Jacob Talcott,2021-10-11 15:38:00
https://www.gao.gov/docket/b-419207.6,"PAE National Security Solutions, LLC",RFQ-20-NNCP,Department of Justice : Federal Bureau of Investigation,B-419207.6,Case Currently Open,"Sep 7, 2021","Dec 16, 2021",Bid Protest,Scott H. Riback,2021-10-11 15:38:02
https://www.gao.gov/docket/b-420129.1,"ACI Technologies, Inc.",N00014-20-R-0006,Department of the Navy : Office of Naval Research,B-420129.1,Case Currently Open,"Sep 3, 2021","Dec 13, 2021",Bid Protest,Glenn G. Wolcott,2021-10-11 15:38:03
https://www.gao.gov/docket/b-420130.1,"Sea Box, Inc.",SPE8ED-21-Q-1167,Department of Defense : Defense Logistics Agency,B-420130.1,Case Currently Open,"Sep 3, 2021","Dec 13, 2021",Bid Protest,Emily R. O'Hara,2021-10-11 15:38:05
https://www.gao.gov/docket/b-420128.1,AT&T Corp.,12314420R0006,Department of Agriculture,B-420128.1,Case Currently Open,"Sep 3, 2021","Dec 13, 2021",Bid Protest,Kenneth Kilgour,2021-10-11 15:38:06
https://www.gao.gov/docket/b-420005.3,Science Applications International Corporation,SPE4A5-20-R-0150,Department of Defense : Defense Logistics Agency,B-420005.3,Case Currently Open,"Sep 3, 2021","Dec 13, 2021",Bid Protest,Scott H. Riback,2021-10-11 15:38:07
https://www.gao.gov/docket/b-420004.2,Microsoft Corporation,H98230-20-R-0225,Department of Defense : National Security Agency/Central Security Service,B-420004.2,Case Currently Open,"Sep 2, 2021","Dec 13, 2021",Bid Protest,Louis A. Chiarella,2021-10-11 15:38:09
https://www.gao.gov/docket/b-420119.1,"Westwind Computer Products, Inc.",12314421Q0078,Department of Agriculture,B-420119.1,Case Currently Open,"Aug 31, 2021","Dec 9, 2021",Bid Protest,Alexander O. Levine,2021-10-11 15:38:11
https://www.gao.gov/docket/b-419998.2,"Amentum Services, Inc.",80JSC020R0034,Independent Agencies and Govt Corporations : National Aeronautics and Space Administration,B-419998.2,Case Currently Open,"Aug 30, 2021","Dec 8, 2021",Bid Protest,Glenn G. Wolcott,2021-10-11 16:01:42
https://www.gao.gov/docket/b-420107.1,American Operations Corporation,FA701421R0032,Department of the Air Force,B-420107.1,Case Currently Open,"Aug 30, 2021","Dec 8, 2021",Bid Protest,Evan D. Wesser,2021-10-11 16:01:43
https://www.gao.gov/docket/b-420110.1,"Smiths Detection, Inc.",70T04021R7672N041,Department of Homeland Security : Transportation Security Administration,B-420110.1,Case Currently Open,"Aug 30, 2021","Dec 8, 2021",Bid Protest,Evan D. Wesser,2021-10-11 16:01:44
https://www.gao.gov/docket/b-419791.2,"ManTech Advanced Systems International, Inc.",RS3-19-0058,Department of the Army : U.S. Army Materiel Command,B-419791.2,Case Currently Open,"Aug 30, 2021","Dec 8, 2021",Bid Protest,U R. Yoo,2021-10-11 16:01:46
https://www.gao.gov/docket/b-420111.1,"Smiths Detection, Inc.",70T04021R7672N041;70T04021R7672N042,Department of Homeland Security : Transportation Security Administration,B-420111.1,Case Currently Open,"Aug 30, 2021","Dec 8, 2021",Bid Protest,Evan D. Wesser,2021-10-11 16:01:47
https://www.gao.gov/docket/b-420059.2,Mid America Government Supply,RFQ1505067,Department of the Navy : Naval Supply Systems Command,B-420059.2,Case Currently Open,"Aug 27, 2021","Dec 6, 2021",Bid Protest,Alexander O. Levine,2021-10-11 16:01:49
https://www.gao.gov/docket/b-420106.1,"ShorePoint, Inc.",910031-21-Q-0008,Department of Education,B-420106.1,Case Currently Open,"Aug 27, 2021","Dec 6, 2021",Bid Protest,Christopher An,2021-10-11 16:01:50
https://www.gao.gov/docket/b-419999.2,"Government Acquisitions, Inc.",W52P1J-20-R-WWB5,Department of the Army : U.S. Army Materiel Command,B-419999.2,Case Currently Open,"Aug 27, 2021","Dec 6, 2021",Bid Protest,Christopher Alwood,2021-10-11 16:01:51
https://www.gao.gov/docket/b-419617.2,Serco Inc.,N0016419R3504,Department of the Navy : Naval Sea Systems Command,B-419617.2,Case Currently Open,"Aug 27, 2021","Dec 6, 2021",Bid Protest,Glenn G. Wolcott,2021-10-11 16:01:53
https://www.gao.gov/docket/b-419991.2,"Veterans Choice Medical Equipment, LLC",36C26221R0002,Department of Veterans Affairs,B-419991.2,Case Currently Open,"Aug 26, 2021","Dec 6, 2021",Bid Protest,Christopher Alwood,2021-10-11 16:01:54
https://www.gao.gov/docket/b-420098.1,"Booz Allen Hamilton, Inc.",FA8730-21-F-0113,Department of the Air Force,B-420098.1,Case Currently Open,"Aug 24, 2021","Dec 2, 2021",Bid Protest,Michael Willems,2021-10-11 16:01:55
https://www.gao.gov/docket/b-418255.6,ICI Services Corporation,N00164-19-R-3502,Department of the Navy : Naval Sea Systems Command,B-418255.6,Case Currently Open,"Aug 23, 2021","Dec 1, 2021",Bid Protest,Louis A. Chiarella,2021-10-11 16:01:57
https://www.gao.gov/docket/b-419675.4,"Omnitec Solutions, Inc.",C-84561-O,Department of Health and Human Services : National Institutes of Health,B-419675.4,Case Currently Open,"Aug 23, 2021","Dec 1, 2021",Bid Protest,Michael Willems,2021-10-11 16:01:58
https://www.gao.gov/docket/b-419977.2,SOC LLC,W52P1J-19-R-0069,Department of the Army : U.S. Army Materiel Command,B-419977.2,Case Currently Open,"Aug 23, 2021","Dec 1, 2021",Bid Protest,Glenn G. Wolcott,2021-10-11 16:01:59
https://www.gao.gov/docket/b-418903.6,CSRA LLC,19AQMM20R0032,Department of State,B-418903.6,Case Currently Open,"Aug 23, 2021","Dec 1, 2021",Bid Protest,Scott H. Riback,2021-10-11 16:02:01
https://www.gao.gov/docket/b-420096.1,Dust Busters Plus. LLC,140L0621R0005,Department of the Interior : Bureau of Land Management,B-420096.1,Case Currently Open,"Aug 23, 2021","Dec 1, 2021",Bid Protest,Jacob Talcott,2021-10-11 16:02:02
https://www.gao.gov/docket/b-419956.22,"Definitive Infotech Services & Solutions, LLC",75N98121R00001,Department of Health and Human Services : National Institutes of Health,B-419956.22,Case Currently Open,"Aug 20, 2021","Nov 29, 2021",Bid Protest,Jonathan L. Kang,2021-10-11 16:02:04
https://www.gao.gov/docket/b-420086.1,"Stevenson Intermountain Seed, Inc.",140L3721R0010,Department of the Interior : Bureau of Land Management,B-420086.1,Case Currently Open,"Aug 20, 2021","Nov 29, 2021",Bid Protest,Paula A. Williams,2021-10-11 16:02:05
https://www.gao.gov/docket/b-419472.3,Ashlin Management Group,1605C2-20-Q-00006,Department of Labor,B-419472.3,Case Currently Open,"Aug 20, 2021","Nov 29, 2021",Bid Protest,Heather Self,2021-10-11 16:02:07
https://www.gao.gov/docket/b-419956.20,"International Global Solution, LLC",75N98121R00001,Department of Health and Human Services : National Institutes of Health,B-419956.20,Case Currently Open,"Aug 19, 2021","Nov 29, 2021",Bid Protest,Jonathan L. Kang,2021-10-11 16:02:08
https://www.gao.gov/docket/b-419956.18,Computer World Services Corporation,75N98121R00001,Department of Health and Human Services : National Institutes of Health,B-419956.18,Case Currently Open,"Aug 19, 2021","Nov 29, 2021",Bid Protest,Jonathan L. Kang,2021-10-11 16:02:13
https://www.gao.gov/docket/b-419956.19,"CWS FMTI JV, LLC",75N98121R00001,Department of Health and Human Services : National Institutes of Health,B-419956.19,Case Currently Open,"Aug 19, 2021","Nov 29, 2021",Bid Protest,Jonathan L. Kang,2021-10-11 16:02:14
https://www.gao.gov/docket/b-419812.3,"Synergy Business Innovation & Solutions, Inc.",12314421Q0006,Department of Agriculture,B-419812.3,Case Currently Open,"Aug 18, 2021","Nov 26, 2021",Bid Protest: Reconsideration,Charmaine Stevenson,2021-10-11 16:02:16
https://www.gao.gov/docket/b-420079.1,"The Ambit Group, LLC",70CTD021Q00000134,Department of Homeland Security : United States Immigration and Customs Enforcement,B-420079.1,Case Currently Open,"Aug 16, 2021","Nov 24, 2021",Bid Protest,Charmaine Stevenson,2021-10-11 16:02:18
https://www.gao.gov/docket/b-420073.1,"Vertex Aerospace, LLC",FA3002-21-R-0001,Department of the Air Force,B-420073.1,Case Currently Open,"Aug 16, 2021","Nov 24, 2021",Bid Protest,Katherine I. Riback,2021-10-11 16:02:20
https://www.gao.gov/docket/b-420078.1,"XL Associates, Inc.",88310321Q00075,Independent Agencies and Govt Corporations : National Archives and Records Administration,B-420078.1,Case Currently Open,"Aug 16, 2021","Nov 24, 2021",Bid Protest,Heather Weiner,2021-10-11 16:02:21
https://www.gao.gov/docket/b-420072.1,Michels Corporation,W9123821B0010,Department of the Army : Corps of Engineers,B-420072.1,Case Currently Open,"Aug 16, 2021","Nov 24, 2021",Bid Protest,Christopher An,2021-10-11 16:02:23
https://www.gao.gov/docket/b-420070.1,"MindPetal Software Solutions, Inc.",140P2121R0011,Department of the Interior : National Park Service,B-420070.1,Case Currently Open,"Aug 13, 2021","Nov 22, 2021",Bid Protest,Christine Milne,2021-10-11 16:02:25
https://www.gao.gov/docket/b-420065.1,"BAE Systems Norfolk Ship Repair, Inc.",N00024-21-R-4490,Department of the Navy : Naval Sea Systems Command,B-420065.1,Case Currently Open,"Aug 12, 2021","Nov 22, 2021",Bid Protest,Alexander O. Levine,2021-10-11 16:02:26
https://www.gao.gov/docket/b-419763.2,"Enterprise Resource Planned Systems International, LLC",C-85117-SB,Department of the Treasury : Bureau of the Fiscal Service,B-419763.2,Case Currently Open,"Aug 9, 2021","Nov 17, 2021",Bid Protest,Michael P. Grogan,2021-10-11 16:02:28
https://www.gao.gov/docket/b-419675.3,"Omnitec Solutions, Inc.",C-84561-O,Department of Health and Human Services : National Institutes of Health,B-419675.3,Case Currently Open,"Aug 6, 2021","Nov 15, 2021",Bid Protest,Michael Willems,2021-10-11 16:02:30
https://www.gao.gov/docket/b-419893.8,"DBISP, LLC",70RTAC21R00000003,Department of Homeland Security,B-419893.8,Case Currently Open,"Aug 6, 2021","Nov 15, 2021",Bid Protest,Mary G. Curcio,2021-10-11 16:02:31
https://www.gao.gov/docket/b-419893.9,Federal Merchants Corporation,70RTAC21R00000003,Department of Homeland Security,B-419893.9,Case Currently Open,"Aug 6, 2021","Nov 15, 2021",Bid Protest,Mary G. Curcio,2021-10-11 16:02:33
https://www.gao.gov/docket/b-420045.1,"W.W. Grainger, Inc.",47QSCC-20-Q-5015,Independent Agencies and Govt Corporations : Federal Acquisition Service,B-420045.1,Case Currently Open,"Aug 5, 2021","Nov 15, 2021",Bid Protest,U R. Yoo,2021-10-11 16:02:35
https://www.gao.gov/docket/b-419865.2,"TeamGOV, Inc.",47PD0121Q0007,Independent Agencies and Govt Corporations : Public Buildings Service,B-419865.2,Case Currently Open,"Aug 4, 2021","Nov 12, 2021",Bid Protest,Young H. Cho,2021-10-11 16:02:36
https://www.gao.gov/docket/b-419793.3,"Odin Construction Solutions, Inc.",140R4020R0015,Department of the Interior : Bureau of Reclamation,B-419793.3,Case Currently Open,"Aug 2, 2021","Nov 10, 2021",Bid Protest: Reconsideration,Heather Weiner,2021-10-11 16:02:38
https://www.gao.gov/docket/b-420038.1,Deloitte & Touche LLP,15F06721Q0000167,Department of Justice : Federal Bureau of Investigation,B-420038.1,Case Currently Open,"Aug 2, 2021","Nov 10, 2021",Bid Protest,David A. Edelstein,2021-10-11 16:02:40
https://www.gao.gov/docket/b-420021.2,"Manhattan Strategy Group, LLC",1605C5-21-Q-00034,Department of Labor,B-420021.2,Case Currently Open,"Aug 2, 2021","Nov 10, 2021",Bid Protest,Paul N. Wengert,2021-10-11 16:02:42
https://www.gao.gov/docket/b-420030.1,"RK Consultancy Services, Inc.",210501,Department of Health and Human Services : Centers for Medicare and Medicaid Services,B-420030.1,Case Currently Open,"Jul 30, 2021","Nov 8, 2021",Bid Protest,Raymond Richards,2021-10-11 16:02:43
https://www.gao.gov/docket/b-420016.1,"Jacobs Technology, Inc.",80JSC020R0026,Independent Agencies and Govt Corporations : National Aeronautics and Space Administration,B-420016.1,Case Currently Open,"Jul 26, 2021","Nov 3, 2021",Bid Protest,Michael P. Grogan,2021-10-11 16:02:45
https://www.gao.gov/docket/b-420021.1,"Manhattan Strategy Group, LLC",1605C5-21-Q-00034,Department of Labor,B-420021.1,Case Currently Open,"Jul 26, 2021","Nov 3, 2021",Bid Protest,Paul N. Wengert,2021-10-11 16:02:50
https://www.gao.gov/docket/b-420005.2,Science Applications International Corporation,SPE4A5-20-R-0150,Department of Defense : Defense Logistics Agency,B-420005.2,Case Currently Open,"Jul 26, 2021","Nov 3, 2021",Bid Protest,Scott H. Riback,2021-10-11 16:02:51
https://www.gao.gov/docket/b-420013.2,"Axxeum, Inc.",W58RGZ-21-Q-0002,Department of the Army : U.S. Army Materiel Command,B-420013.2,Case Currently Open,"Jul 26, 2021","Nov 3, 2021",Bid Protest,Sarah T. Zaffina,2021-10-11 16:02:53
https://www.gao.gov/docket/b-419765.3,"ActionNet, Inc.",832016441,Department of Defense : Defense Information Systems Agency,B-419765.3,Case Currently Open,"Jul 23, 2021","Nov 1, 2021",Bid Protest: Entitlement,Glenn G. Wolcott,2021-10-11 16:02:55
https://www.gao.gov/docket/b-420013.1,"Axxeum, Inc.",W58RGZ-21-Q-0002,Department of the Army : U.S. Army Materiel Command,B-420013.1,Case Currently Open,"Jul 23, 2021","Nov 1, 2021",Bid Protest,Sarah T. Zaffina,2021-10-11 16:02:57
https://www.gao.gov/docket/b-420005.1,Science Applications International Corporation,SPE4A5-20-R-0150,Department of Defense : Defense Logistics Agency,B-420005.1,Case Currently Open,"Jul 21, 2021","Oct 29, 2021",Bid Protest,Scott H. Riback,2021-10-11 16:02:59
https://www.gao.gov/docket/b-420006.1,"Property at 4545 Montgomery, LLC",RLP-57-291,Department of Agriculture,B-420006.1,Case Currently Open,"Jul 21, 2021","Oct 29, 2021",Bid Protest,Mary G. Curcio,2021-10-11 16:03:00
https://www.gao.gov/docket/b-420003.1,"Choctaw Defense Munitions, LLC",W81XWH-21-R-0004,Department of the Army,B-420003.1,Case Currently Open,"Jul 21, 2021","Oct 29, 2021",Bid Protest,Jacob Talcott,2021-10-11 16:03:02
https://www.gao.gov/docket/b-420004.1,Microsoft Corporation,H98230-20-R-0225,Department of Defense : National Security Agency/Central Security Service,B-420004.1,Case Currently Open,"Jul 21, 2021","Oct 29, 2021",Bid Protest,Louis A. Chiarella,2021-10-11 16:03:04
https://www.gao.gov/docket/b-419997.1,"CGS-SPP Security, JV",19AQMM21R0036,Department of State,B-419997.1,Case Currently Open,"Jul 19, 2021","Oct 27, 2021",Bid Protest,U R. Yoo,2021-10-11 16:03:06
https://www.gao.gov/docket/b-419998.1,"Amentum Services, Inc.",80JSC020R0034,Independent Agencies and Govt Corporations : National Aeronautics and Space Administration,B-419998.1,Case Currently Open,"Jul 19, 2021","Oct 27, 2021",Bid Protest,Glenn G. Wolcott,2021-10-11 16:03:07
https://www.gao.gov/docket/b-419894.2,RB Construction Company,36C25021B0022,Department of Veterans Affairs,B-419894.2,Case Currently Open,"Jul 19, 2021","Oct 27, 2021",Bid Protest,Christopher An,2021-10-11 16:03:09
https://www.gao.gov/docket/b-419999.1,"Government Acquisitions, Inc.",W52P1J-20-R-WWB5,Department of the Army : U.S. Army Materiel Command,B-419999.1,Case Currently Open,"Jul 19, 2021","Oct 27, 2021",Bid Protest,Christopher Alwood,2021-10-11 16:03:11
https://www.gao.gov/docket/b-419991.1,"Veterans Choice Medical Equipment, LLC",36C26221R0002,Department of Veterans Affairs,B-419991.1,Case Currently Open,"Jul 15, 2021","Oct 25, 2021",Bid Protest,Christopher Alwood,2021-10-11 16:03:13
https://www.gao.gov/docket/b-419986.1,Cyber-Detours LLC,47QTCB20R0005,Independent Agencies and Govt Corporations : General Services Administration,B-419986.1,Case Currently Open,"Jul 14, 2021","Oct 22, 2021",Bid Protest,N/A,2021-10-11 16:03:14
https://www.gao.gov/docket/b-419984.1,"AnderCorp, LLC",1605AE-21-R-00014,Department of Labor,B-419984.1,Case Currently Open,"Jul 13, 2021","Oct 21, 2021",Bid Protest,Raymond Richards,2021-10-11 16:03:16
https://www.gao.gov/docket/b-419675.2,"Omnitec Solutions, Inc.",C-84561-O,Department of Health and Human Services : National Institutes of Health,B-419675.2,Case Currently Open,"Jul 12, 2021","Oct 20, 2021",Bid Protest,Michael Willems,2021-10-11 16:03:18
https://www.gao.gov/docket/b-419977.1,SOC LLC,W52P1J-19-R-0069,Department of the Army : U.S. Army Materiel Command,B-419977.1,Case Currently Open,"Jul 12, 2021","Oct 20, 2021",Bid Protest,Glenn G. Wolcott,2021-10-11 16:03:19
https://www.gao.gov/docket/b-418255.5,ICI Services Corporation,N00164-19-R-3502,Department of the Navy : Naval Sea Systems Command,B-418255.5,Case Currently Open,"Jul 12, 2021","Oct 20, 2021",Bid Protest,Louis A. Chiarella,2021-10-11 16:03:21
https://www.gao.gov/docket/b-419972.1,"Chimes District of Columbia, Inc.",47PD0320Q0008,Independent Agencies and Govt Corporations : Public Buildings Service,B-419972.1,Case Currently Open,"Jul 9, 2021","Oct 18, 2021",Bid Protest,Young H. Cho,2021-10-11 16:03:23
https://www.gao.gov/docket/b-419973.1,Davos Francois,PSC-21-044-INL,Department of State,B-419973.1,Case Currently Open,"Jul 9, 2021","Oct 18, 2021",Bid Protest,Paula A. Williams,2021-10-11 16:03:28
https://www.gao.gov/docket/b-419970.1,"All-Rite Construction, Inc.",140P1220R0007,Department of the Interior : National Park Service,B-419970.1,Case Currently Open,"Jul 8, 2021","Oct 18, 2021",Bid Protest: Entitlement,N/A,2021-10-11 16:03:29
https://www.gao.gov/docket/b-419829.2,"RCH Partners, LLC",503102-21-Q-0012,Independent Agencies and Govt Corporations : United States Securities and Exchange Commission,B-419829.2,Case Currently Open,"May 13, 2021","Aug 23, 2021",Bid Protest,Heather Self,2021-10-11 16:03:31
https://www.gao.gov/docket/b-418631.7,"Apex Transit Solutions, LLC",36C25020Q0093,Department of Veterans Affairs,B-418631.7,Case Currently Open,"Apr 6, 2021","Jul 15, 2021",Bid Protest,Katherine I. Riback,2021-10-11 16:03:33
https://www.gao.gov/docket/b-419683.1,"Global Connections to Employment, Inc.",unknown,Department of the Army,B-419683.1,Case Currently Open,"Mar 19, 2021","Jun 28, 2021",Bid Protest,N/A,2021-10-11 16:03:34
